City,Lat,Lng,Max Temp,Humidity,Cloudiness,Wind Speed,Country,Date
kaitangata,-46.2817,169.8464,38.52,89.0,91.0,10.87,NZ,1659214586.0
northam,51.0333,-4.2167,65.39,98.0,100.0,14.23,GB,1659214586.0
san ramon de la nueva oran,-23.1322,-64.326,74.43,27.0,11.0,3.36,AR,1659214587.0
narsaq,60.9167,-46.05,48.24,81.0,11.0,8.16,GL,1659214587.0
busselton,-33.65,115.3333,54.55,72.0,100.0,9.24,AU,1659214587.0
bud,39.447,-86.1758,82.89,54.0,21.0,6.38,US,1659214587.0
kodiak,57.79,-152.4072,54.91,96.0,100.0,7.27,US,1659214588.0
rikitea,-23.1203,-134.9692,72.36,76.0,8.0,16.6,PF,1659214417.0
zhicheng,30.2956,111.5047,75.43,84.0,0.0,3.04,CN,1659214588.0
punta arenas,-53.15,-70.9167,44.71,61.0,75.0,19.57,CL,1659214588.0
hermanus,-34.4187,19.2345,47.8,73.0,87.0,6.35,ZA,1659214503.0
vanavara,60.34,102.2797,57.47,98.0,31.0,2.51,RU,1659214588.0
tianpeng,30.9866,103.9393,79.27,84.0,3.0,2.51,CN,1659214589.0
catuday,16.2923,119.8062,79.25,83.0,79.0,11.25,PH,1659214589.0
cape town,-33.9258,18.4232,48.9,91.0,20.0,4.61,ZA,1659214565.0
gladstone,-23.85,151.25,58.93,72.0,40.0,8.05,AU,1659214589.0
albany,42.6001,-73.9662,81.34,51.0,30.0,1.01,US,1659213935.0
coquimbo,-29.9533,-71.3436,56.93,76.0,100.0,6.91,CL,1659214475.0
homer,59.6425,-151.5483,61.77,85.0,100.0,5.99,US,1659214590.0
bluff,-46.6,168.3333,37.8,80.0,100.0,16.08,NZ,1659214590.0
usinsk,65.9939,57.5281,53.82,61.0,24.0,12.93,RU,1659214590.0
tomatlan,19.9333,-105.25,90.81,52.0,93.0,9.84,MX,1659214590.0
fort nelson,58.8053,-122.7002,63.99,68.0,75.0,5.75,CA,1659214590.0
jamestown,42.097,-79.2353,76.95,51.0,75.0,10.36,US,1659214422.0
hamilton,39.1834,-84.5333,86.0,43.0,0.0,3.44,US,1659214026.0
hobart,-42.8794,147.3294,44.26,82.0,75.0,8.05,AU,1659214591.0
broome,42.2506,-75.833,82.6,54.0,0.0,5.99,US,1659214591.0
bodden town,19.2833,-81.25,89.6,70.0,20.0,10.0,KY,1659214591.0
mitu,1.1983,-70.1733,76.98,92.0,77.0,1.86,CO,1659214592.0
hithadhoo,-0.6,73.0833,80.85,76.0,100.0,17.54,MV,1659214592.0
bengkulu,-3.8004,102.2655,76.95,86.0,100.0,5.3,ID,1659214592.0
blythe,33.6103,-114.5964,96.03,28.0,66.0,12.57,US,1659214592.0
hofn,64.2539,-15.2082,51.42,61.0,99.0,6.85,IS,1659214593.0
georgetown,5.4112,100.3354,80.53,92.0,20.0,3.44,MY,1659214339.0
chanika,-5.4167,38.0167,64.65,94.0,90.0,3.67,TZ,1659214593.0
victoria,22.2855,114.1577,85.32,88.0,44.0,1.99,HK,1659214593.0
pedro juan caballero,-22.5472,-55.7333,73.36,23.0,0.0,4.61,PY,1659214593.0
portland,45.5234,-122.6762,101.46,40.0,49.0,3.0,US,1659214528.0
severo-kurilsk,50.6789,156.125,53.2,92.0,91.0,4.07,RU,1659214504.0
ribeira grande,38.5167,-28.7,77.4,73.0,40.0,6.91,PT,1659214594.0
mackenzie,55.2999,-123.1698,79.02,47.0,40.0,3.44,CA,1659214484.0
chuy,-33.6971,-53.4616,51.49,76.0,0.0,2.91,UY,1659214594.0
hasaki,35.7333,140.8333,77.4,85.0,91.0,5.64,JP,1659214334.0
mataura,-46.1927,168.8643,37.47,93.0,98.0,5.57,NZ,1659214568.0
jiuquan,39.7432,98.5174,76.89,27.0,100.0,6.42,CN,1659214594.0
mar del plata,-38.0023,-57.5575,55.09,84.0,0.0,7.0,AR,1659214537.0
mehamn,71.0357,27.8492,49.95,93.0,100.0,8.05,NO,1659214482.0
thompson,55.7435,-97.8558,68.16,45.0,75.0,5.75,CA,1659214595.0
warwick,41.7001,-71.4162,88.45,43.0,40.0,17.27,US,1659214339.0
agadez,19.75,10.25,91.54,12.0,73.0,8.21,NE,1659214595.0
faanui,-16.4833,-151.75,79.02,70.0,2.0,23.4,PF,1659214595.0
soc trang,9.6033,105.98,78.31,91.0,100.0,5.28,VN,1659214595.0
atuona,-9.8,-139.0333,76.89,77.0,10.0,16.31,PF,1659214596.0
touros,-5.1989,-35.4608,74.73,90.0,100.0,9.91,BR,1659214394.0
puerto ayora,-0.7393,-90.3518,80.56,88.0,55.0,5.01,EC,1659214596.0
butaritari,3.0707,172.7902,81.1,71.0,98.0,16.24,KI,1659214596.0
khatanga,71.9667,102.5,52.52,88.0,100.0,11.36,RU,1659214309.0
qaanaaq,77.484,-69.3632,44.19,67.0,74.0,5.64,GL,1659214507.0
clyde river,70.4692,-68.5914,39.43,100.0,100.0,10.36,CA,1659214596.0
changde,29.0464,111.6783,76.35,84.0,0.0,1.21,CN,1659214597.0
dehloran,32.6941,47.2679,97.52,14.0,1.0,5.39,IR,1659214597.0
namwala,-15.7504,26.4384,60.62,31.0,2.0,5.41,ZM,1659214597.0
east london,-33.0153,27.9116,58.39,66.0,100.0,15.5,ZA,1659214566.0
nikolskoye,59.7035,30.7861,55.29,96.0,5.0,4.54,RU,1659214508.0
tiarei,-17.5333,-149.3333,80.62,73.0,5.0,25.12,PF,1659214597.0
ust-tsilma,65.441,52.1498,60.13,93.0,98.0,4.7,RU,1659214598.0
lagoa,39.05,-27.9833,73.54,66.0,0.0,0.98,PT,1659214598.0
tessalit,20.1986,1.0114,88.25,35.0,75.0,5.3,ML,1659214545.0
port blair,11.6667,92.75,81.57,83.0,100.0,8.93,IN,1659214598.0
buritis,-15.6178,-46.4233,79.63,25.0,1.0,2.59,BR,1659214598.0
norman wells,65.282,-126.8329,64.44,55.0,75.0,10.36,CA,1659214506.0
isangel,-19.55,169.2667,70.93,89.0,100.0,2.93,VU,1659214340.0
concepcion,-36.827,-73.0498,53.4,71.0,0.0,4.61,CL,1659214599.0
port alfred,-33.5906,26.891,58.17,62.0,94.0,15.57,ZA,1659214599.0
shuyskoye,59.3736,41.0305,54.03,94.0,91.0,3.6,RU,1659214599.0
san rafael,-34.6177,-68.3301,59.76,30.0,100.0,9.73,AR,1659214599.0
dikson,73.5069,80.5464,40.48,92.0,14.0,11.99,RU,1659214600.0
yellowknife,62.456,-114.3525,63.12,67.0,75.0,6.91,CA,1659214600.0
bocaiuva,-17.1078,-43.815,87.51,27.0,1.0,6.33,BR,1659214514.0
guerrero negro,27.9769,-114.0611,82.15,46.0,78.0,12.84,MX,1659214505.0
saint george,37.1041,-113.5841,99.63,35.0,35.0,4.0,US,1659214577.0
arraial do cabo,-22.9661,-42.0278,69.76,64.0,20.0,17.27,BR,1659214510.0
kupang,-10.1667,123.5833,75.15,83.0,53.0,11.59,ID,1659214600.0
castro,-24.7911,-50.0119,53.55,57.0,3.0,2.33,BR,1659214600.0
dharchula,29.85,80.5333,71.53,91.0,99.0,1.54,IN,1659214601.0
tambacounda,13.7539,-13.7586,75.61,92.0,100.0,6.44,SN,1659214601.0
tuktoyaktuk,69.4541,-133.0374,41.0,75.0,75.0,6.91,CA,1659214601.0
hilo,19.7297,-155.09,90.28,86.0,73.0,7.0,US,1659214602.0
saint-philippe,-21.3585,55.7679,66.22,82.0,51.0,14.2,RE,1659214602.0
avarua,-21.2078,-159.775,78.85,73.0,75.0,21.85,CK,1659214570.0
ulaangom,49.9811,92.0667,65.37,54.0,91.0,2.01,MN,1659214568.0
kahului,20.8947,-156.47,87.96,61.0,3.0,12.21,US,1659214602.0
nome,64.5011,-165.4064,60.17,54.0,40.0,8.05,US,1659214345.0
sinnamary,5.3833,-52.95,80.94,78.0,14.0,7.47,GF,1659214602.0
muli,2.9167,73.5667,78.24,86.0,100.0,17.22,MV,1659214603.0
banjarmasin,-3.3244,114.591,73.54,97.0,100.0,1.25,ID,1659214603.0
harper,4.375,-7.7169,74.66,80.0,14.0,8.52,LR,1659214603.0
batagay-alyta,67.8006,130.4114,63.05,84.0,99.0,3.04,RU,1659214603.0
vao,-22.6667,167.4833,67.66,80.0,100.0,27.38,NC,1659214604.0
seoul,37.5683,126.9778,81.97,78.0,0.0,5.75,KR,1659214604.0
watsa,3.0372,29.5355,63.7,95.0,100.0,2.21,CD,1659214604.0
fairbanks,64.8378,-147.7164,73.02,45.0,0.0,3.44,US,1659214604.0
ushuaia,-54.8,-68.3,46.06,53.0,40.0,12.66,AR,1659214605.0
iqaluit,63.7506,-68.5145,40.73,93.0,100.0,6.91,CA,1659214605.0
kapaa,22.0752,-159.319,84.47,75.0,56.0,5.99,US,1659214429.0
dandong,40.1292,124.3947,73.56,93.0,51.0,2.75,CN,1659214605.0
tarnos,43.5417,-1.4628,72.9,83.0,75.0,5.75,FR,1659214605.0
barrow,71.2906,-156.7887,40.57,78.0,100.0,8.21,US,1659214606.0
kuminskiy,58.6667,66.5667,59.23,96.0,12.0,5.03,RU,1659214606.0
melfi,40.9965,15.6514,69.91,81.0,17.0,2.21,IT,1659214606.0
evensk,61.95,159.2333,51.24,85.0,100.0,16.28,RU,1659214606.0
carutapera,-1.195,-46.02,79.84,79.0,25.0,8.34,BR,1659214607.0
saint-augustin,51.226,-58.6502,67.95,71.0,92.0,11.61,CA,1659214607.0
bocas del toro,9.3333,-82.25,81.34,78.0,100.0,8.95,PA,1659214607.0
aleksandro-nevskiy,53.4751,40.2095,61.38,62.0,89.0,7.27,RU,1659214607.0
vostok,46.4856,135.8833,66.16,99.0,100.0,3.06,RU,1659214607.0
rodrigues alves,-7.738,-72.6509,88.0,49.0,69.0,3.31,BR,1659214608.0
cururupu,-1.8283,-44.8683,78.62,80.0,92.0,4.27,BR,1659214608.0
kavaratti,10.5669,72.642,81.16,82.0,91.0,17.63,IN,1659214608.0
yulara,-25.2406,130.9889,59.4,34.0,100.0,7.05,AU,1659214608.0
port elizabeth,-33.918,25.5701,51.31,83.0,12.0,3.0,ZA,1659214428.0
hefei,31.8639,117.2808,80.62,89.0,100.0,0.0,CN,1659214609.0
te anau,-45.4167,167.7167,31.24,92.0,60.0,1.3,NZ,1659214609.0
port lincoln,-34.7333,135.8667,53.65,75.0,63.0,17.54,AU,1659214609.0
bansang,13.4333,-14.65,75.81,93.0,100.0,6.82,GM,1659214609.0
pahrump,36.2083,-115.9839,95.95,32.0,54.0,5.01,US,1659214439.0
lohja,60.2486,24.0653,59.18,100.0,4.0,4.18,FI,1659214610.0
conroe,30.3119,-95.456,98.1,45.0,0.0,14.97,US,1659214610.0
ayan,56.45,138.1667,57.15,91.0,82.0,5.93,RU,1659214610.0
jian,27.1172,114.9793,75.7,83.0,8.0,1.86,CN,1659214610.0
tuatapere,-46.1333,167.6833,37.56,90.0,92.0,4.74,NZ,1659214611.0
price,39.5994,-110.8107,86.11,32.0,16.0,4.0,US,1659214611.0
bethel,41.3712,-73.414,86.47,47.0,3.0,1.01,US,1659214530.0
vaini,-21.2,-175.2,77.16,94.0,75.0,11.5,TO,1659214574.0
barao de melgaco,-16.1944,-55.9675,84.85,30.0,1.0,3.33,BR,1659214611.0
darhan,49.4867,105.9228,59.7,63.0,90.0,7.09,MN,1659214611.0
muriwai beach,-36.8167,174.45,50.77,96.0,83.0,21.14,NZ,1659214612.0
bredasdorp,-34.5322,20.0403,48.51,87.0,91.0,6.13,ZA,1659214612.0
havelock,34.8791,-76.9013,91.36,90.0,100.0,9.22,US,1659214325.0
reconquista,-29.15,-59.65,61.88,48.0,51.0,6.06,AR,1659214612.0
da nang,16.0678,108.2208,78.78,89.0,20.0,3.44,VN,1659214577.0
cabo san lucas,22.8909,-109.9124,95.61,56.0,67.0,6.35,MX,1659214612.0
lorengau,-2.0226,147.2712,80.92,72.0,80.0,6.22,PG,1659214613.0
esperance,-33.8667,121.9,47.43,79.0,65.0,18.07,AU,1659214613.0
paamiut,61.994,-49.6678,42.8,94.0,77.0,9.75,GL,1659214613.0
vestmanna,62.1564,-7.1664,47.32,93.0,100.0,8.05,FO,1659214613.0
nantucket,41.2835,-70.0995,86.02,68.0,1.0,21.12,US,1659214452.0
tamworth,52.634,-1.6959,69.62,82.0,100.0,7.0,GB,1659214614.0
kindersley,51.4668,-109.1682,69.82,78.0,75.0,8.05,CA,1659214614.0
zalantun,48.0,122.7167,67.05,98.0,100.0,2.48,CN,1659214614.0
porto nacional,-10.7081,-48.4172,93.2,26.0,4.0,0.92,BR,1659214614.0
antalaha,-14.9003,50.2788,67.35,91.0,46.0,6.11,MG,1659214615.0
waipahu,21.3867,-158.0092,85.21,61.0,100.0,16.11,US,1659214067.0
kontagora,10.3999,5.4695,72.25,93.0,99.0,3.33,NG,1659214615.0
san patricio,28.017,-97.5169,98.19,44.0,93.0,17.11,US,1659214615.0
rudbar,30.15,62.6,92.89,21.0,43.0,14.52,AF,1659214615.0
teya,60.3778,92.6267,62.56,97.0,64.0,2.17,RU,1659214616.0
barpeta,26.3167,91.0,78.26,93.0,99.0,8.14,IN,1659214616.0
morro bay,35.3658,-120.8499,88.38,52.0,88.0,8.01,US,1659214616.0
sainte-suzanne,-20.9061,55.6089,69.48,80.0,75.0,14.97,RE,1659214616.0
mattru,7.6244,-11.8332,73.02,82.0,97.0,3.33,SL,1659214617.0
lerwick,60.1545,-1.1494,53.6,76.0,23.0,13.29,GB,1659214617.0
balabac,7.9868,117.0645,80.8,81.0,100.0,4.32,PH,1659214617.0
rawlins,41.7911,-107.2387,83.35,17.0,14.0,10.09,US,1659214617.0
upernavik,72.7868,-56.1549,43.88,87.0,100.0,1.36,GL,1659214618.0
sattahip,12.6664,100.9007,86.99,94.0,20.0,2.3,TH,1659214618.0
steamboat springs,40.485,-106.8317,86.34,26.0,0.0,3.44,US,1659214618.0
torbay,47.6666,-52.7314,68.77,94.0,100.0,11.5,CA,1659214618.0
plettenberg bay,-34.0527,23.3716,51.51,83.0,20.0,11.01,ZA,1659214619.0
livingston,55.9029,-3.5226,62.28,72.0,0.0,8.05,GB,1659214397.0
talaya,61.3833,152.75,52.77,69.0,13.0,6.06,RU,1659214619.0
north bend,43.4065,-124.2243,76.91,91.0,100.0,11.5,US,1659214590.0
walvis bay,-22.9575,14.5053,55.09,93.0,29.0,1.14,,1659214619.0
brae,60.3964,-1.353,52.72,79.0,25.0,13.06,GB,1659214619.0
okha,53.5739,142.9478,56.46,83.0,100.0,11.65,RU,1659214620.0
pisco,-13.7,-76.2167,64.45,72.0,0.0,12.66,PE,1659214477.0
deputatskiy,69.3,139.9,54.73,81.0,90.0,3.13,RU,1659214620.0
cidreira,-30.1811,-50.2056,55.58,73.0,0.0,5.41,BR,1659214620.0
maniitsoq,65.4167,-52.9,43.68,92.0,99.0,11.97,GL,1659214620.0
ahuimanu,21.4447,-157.8378,83.86,68.0,75.0,13.8,US,1659214621.0
virginia beach,36.8529,-75.978,89.02,57.0,12.0,3.0,US,1659214605.0
airai,-8.9266,125.4092,58.05,94.0,64.0,4.21,TL,1659214621.0
komsomolskiy,40.4272,71.7189,83.12,30.0,100.0,13.8,UZ,1659214621.0
ponta do sol,32.6667,-17.1,73.71,82.0,9.0,7.99,PT,1659214332.0
salinas,36.6777,-121.6555,79.61,74.0,28.0,9.78,US,1659214622.0
chokurdakh,70.6333,147.9167,57.06,65.0,3.0,1.86,RU,1659214622.0
geraldton,-28.7667,114.6,52.21,87.0,100.0,8.05,AU,1659214622.0
ankazoabo,-22.2833,44.5167,63.88,87.0,55.0,3.42,MG,1659214622.0
lavrentiya,65.5833,-171.0,47.55,69.0,100.0,3.06,RU,1659214623.0
grand gaube,-20.0064,57.6608,70.38,70.0,43.0,10.0,MU,1659214531.0
makakilo city,21.3469,-158.0858,82.69,62.0,1.0,12.48,US,1659214623.0
vetluga,57.8557,45.781,57.94,87.0,55.0,5.17,RU,1659214623.0
tasiilaq,65.6145,-37.6368,41.14,58.0,23.0,3.8,GL,1659214581.0
new norfolk,-42.7826,147.0587,43.92,79.0,100.0,3.0,AU,1659214624.0
talnakh,69.4865,88.3972,49.21,73.0,75.0,16.02,RU,1659214624.0
la ronge,55.1001,-105.2842,64.62,67.0,100.0,8.05,CA,1659214624.0
kavieng,-2.5744,150.7967,82.17,75.0,91.0,14.05,PG,1659214341.0
saskylakh,71.9167,114.0833,58.84,97.0,100.0,10.0,RU,1659214413.0
bullhead city,35.1478,-114.5683,99.09,37.0,73.0,3.0,US,1659214423.0
westport,41.1415,-73.3579,89.28,43.0,13.0,5.01,US,1659214625.0
saint-francois,46.4154,3.9054,71.04,53.0,0.0,2.3,FR,1659214625.0
lompoc,34.6391,-120.4579,79.84,62.0,20.0,8.05,US,1659214626.0
balykshi,47.0667,51.8667,75.2,35.0,0.0,4.47,KZ,1659214626.0
olafsvik,64.8945,-23.7142,49.96,65.0,4.0,10.13,IS,1659214626.0
belyy yar,53.6039,91.3903,66.09,87.0,0.0,2.24,RU,1659214626.0
tiznit,29.5833,-9.5,87.64,25.0,0.0,1.54,MA,1659214627.0
beringovskiy,63.05,179.3167,51.51,71.0,100.0,1.72,RU,1659214627.0
sao joao da barra,-21.6403,-41.0511,71.69,65.0,70.0,12.88,BR,1659214627.0
berlevag,70.8578,29.0864,50.0,93.0,75.0,14.97,NO,1659214628.0
assiniboia,49.6334,-105.9845,85.82,26.0,0.0,13.8,CA,1659214628.0
nasice,45.4886,18.0878,67.95,83.0,50.0,6.42,HR,1659214628.0
maarianhamina,60.0973,19.9348,60.66,88.0,0.0,4.61,AX,1659214628.0
redmond,47.674,-122.1215,98.6,45.0,0.0,4.0,US,1659214565.0
kautokeino,69.0125,23.0412,45.1,87.0,79.0,7.31,NO,1659214629.0
araouane,18.9048,-3.5265,95.34,31.0,24.0,7.78,ML,1659214629.0
silae,8.1589,125.2825,68.72,97.0,100.0,0.51,PH,1659214629.0
betsiamites,48.9413,-68.646,73.8,63.0,54.0,8.66,CA,1659214630.0
klaksvik,62.2266,-6.589,49.12,86.0,87.0,5.7,FO,1659214630.0
ginda,30.6945,78.4932,65.08,93.0,84.0,2.46,IN,1659214630.0
orcopampa,-15.2661,-72.3417,59.49,18.0,6.0,11.92,PE,1659214630.0
san buenaventura,27.0833,-101.5333,100.47,19.0,0.0,17.49,MX,1659214631.0
awbari,26.5921,12.7805,88.09,15.0,0.0,7.9,LY,1659214631.0
kropotkin,45.4375,40.5756,76.69,55.0,0.0,10.09,RU,1659214631.0
progreso,21.2833,-89.6667,78.91,75.0,92.0,15.5,MX,1659214631.0
malakal,9.5334,31.6605,72.9,91.0,100.0,4.25,SS,1659214632.0
basco,20.4487,121.9702,85.14,78.0,100.0,20.76,PH,1659214632.0
avenal,36.0041,-120.129,100.54,12.0,65.0,12.1,US,1659214632.0
kloulklubed,7.0419,134.2556,83.57,76.0,100.0,12.1,PW,1659214513.0
kirakira,-10.4544,161.9205,80.24,79.0,16.0,7.05,SB,1659214633.0
mnogovershinnyy,53.9353,139.9242,52.61,98.0,100.0,4.16,RU,1659214633.0
goderich,43.7501,-81.7165,72.91,53.0,6.0,3.44,CA,1659214633.0
moultonborough,43.7548,-71.3967,77.59,61.0,37.0,11.99,US,1659214634.0
adrar,20.5022,-10.0711,94.01,31.0,58.0,8.88,MR,1659214634.0
salalah,17.0151,54.0924,75.45,92.0,65.0,7.11,OM,1659214634.0
kirkwall,58.9848,-2.9587,53.96,87.0,39.0,6.91,GB,1659214634.0
dalmatovo,56.26,62.9362,66.33,75.0,100.0,7.4,RU,1659214635.0
praia da vitoria,38.7333,-27.0667,77.25,78.0,20.0,3.67,PT,1659214635.0
provideniya,64.3833,-173.3,52.39,67.0,100.0,2.44,RU,1659214635.0
hami,42.8,93.45,86.9,19.0,100.0,13.8,CN,1659214635.0
mount gambier,-37.8333,140.7667,49.66,62.0,100.0,14.23,AU,1659214636.0
mahebourg,-20.4081,57.7,70.25,73.0,40.0,18.41,MU,1659214636.0
madang,-5.2246,145.7966,75.24,92.0,87.0,2.86,PG,1659214636.0
suntar,62.1444,117.6319,61.29,92.0,34.0,3.04,RU,1659214637.0
anqiu,36.4342,119.1925,73.56,92.0,4.0,2.17,CN,1659214637.0
naze,28.3667,129.4833,81.52,89.0,100.0,25.88,JP,1659214637.0
zheleznodorozhnyy,55.7503,38.0042,63.21,61.0,5.0,2.51,RU,1659214638.0
richards bay,-28.783,32.0377,62.89,84.0,74.0,5.12,ZA,1659214638.0
san quintin,30.4833,-115.95,74.53,62.0,8.0,9.6,MX,1659214638.0
half moon bay,37.4636,-122.4286,79.61,78.0,100.0,5.75,US,1659214639.0
mzimba,-11.9,33.6,57.2,63.0,1.0,5.46,MW,1659214639.0
haines junction,60.7522,-137.5108,66.15,48.0,100.0,6.91,CA,1659214639.0
shirakawa,37.1223,140.2376,75.96,90.0,6.0,1.77,JP,1659214640.0
pevek,69.7008,170.3133,44.4,72.0,11.0,14.16,RU,1659214640.0
boca do acre,-8.7522,-67.3978,92.88,29.0,9.0,0.49,BR,1659214640.0
dongsheng,39.8161,109.9776,65.01,79.0,20.0,6.08,CN,1659214641.0
guilin,25.2819,110.2864,75.31,79.0,10.0,1.9,CN,1659214641.0
fortuna,40.5982,-124.1573,72.93,74.0,75.0,6.91,US,1659214641.0
gizo,-8.103,156.8419,81.64,74.0,90.0,9.17,SB,1659214524.0
ahipara,-35.1667,173.1667,53.29,73.0,52.0,19.26,NZ,1659214641.0
southbridge,42.0751,-72.0334,85.39,55.0,0.0,4.0,US,1659214642.0
kant,27.8,79.8,83.44,78.0,100.0,2.1,IN,1659214642.0
port macquarie,-31.4333,152.9167,42.89,86.0,81.0,5.68,AU,1659214642.0
atasu,48.6814,71.6433,64.29,66.0,98.0,5.28,KZ,1659214642.0
tura,25.5198,90.2201,73.89,98.0,100.0,6.69,IN,1659214643.0
takoradi,4.8845,-1.7554,74.53,81.0,64.0,10.74,GH,1659214643.0
shimonoseki,33.95,130.95,81.28,89.0,75.0,21.85,JP,1659214643.0
manta,-0.95,-80.7333,80.38,69.0,40.0,9.22,EC,1659214643.0
yuncheng,35.0231,110.9928,73.15,86.0,0.0,5.93,CN,1659214644.0
olga,43.7444,135.2892,74.59,88.0,26.0,3.78,RU,1659214644.0
cherskiy,68.75,161.3,58.1,50.0,100.0,20.29,RU,1659214644.0
buchanan,5.8808,-10.0467,75.31,79.0,62.0,7.83,LR,1659214644.0
miles city,46.4083,-105.8406,98.96,15.0,0.0,17.18,US,1659214645.0
lerdo,25.5333,-103.5333,90.32,24.0,99.0,16.15,MX,1659214645.0
krusevac,43.58,21.3339,66.56,94.0,91.0,3.11,RS,1659214645.0
kibre mengist,5.8833,38.9833,60.17,85.0,100.0,2.06,ET,1659214645.0
pryazha,61.6926,33.6216,54.63,98.0,100.0,6.55,RU,1659214646.0
along,28.1667,94.7667,74.95,99.0,99.0,1.19,IN,1659214646.0
camapua,-19.5314,-54.0439,78.26,28.0,0.0,4.99,BR,1659214646.0
groningen,53.25,6.75,67.01,76.0,100.0,2.3,NL,1659214646.0
mikumi,-7.4041,36.9831,71.13,66.0,98.0,1.72,TZ,1659214647.0
hualmay,-11.0964,-77.6139,65.64,74.0,24.0,9.37,PE,1659214647.0
laurel,39.0993,-76.8483,89.87,48.0,75.0,4.61,US,1659214645.0
ancud,-41.8697,-73.8203,47.23,74.0,100.0,1.68,CL,1659214647.0
birao,10.2849,22.7882,72.37,91.0,13.0,4.54,CF,1659214647.0
monrovia,6.3005,-10.7969,74.97,72.0,42.0,7.52,LR,1659214580.0
meulaboh,4.1363,96.1285,75.97,90.0,77.0,2.71,ID,1659214648.0
banda aceh,5.5577,95.3222,80.1,76.0,98.0,12.19,ID,1659214648.0
arraias,-12.9288,-46.9437,79.02,21.0,80.0,4.12,BR,1659214648.0
dhemaji,27.4833,94.5833,77.41,94.0,83.0,0.85,IN,1659214648.0
jackson,42.4165,-122.8345,96.67,30.0,0.0,8.05,US,1659214201.0
odweyne,9.4092,45.064,74.5,50.0,58.0,17.4,SO,1659214649.0
del rio,29.3627,-100.8968,98.62,22.0,9.0,18.3,US,1659214649.0
horta,38.5333,-28.6333,76.64,73.0,40.0,6.91,PT,1659214649.0
ambon,-3.6954,128.1814,78.94,89.0,40.0,4.61,ID,1659214649.0
axim,4.8699,-2.2405,74.77,82.0,65.0,11.1,GH,1659214650.0
vila franca do campo,37.7167,-25.4333,72.01,80.0,29.0,4.79,PT,1659214650.0
coahuayana,18.7333,-103.6833,89.17,59.0,96.0,6.58,MX,1659214650.0
jaisalmer,26.9147,70.9181,82.44,75.0,97.0,18.84,IN,1659214650.0
baykit,61.67,96.37,62.44,97.0,9.0,4.45,RU,1659214651.0
abaetetuba,-1.7181,-48.8825,76.33,92.0,96.0,2.53,BR,1659214651.0
mogadishu,2.0371,45.3438,76.1,84.0,96.0,18.48,SO,1659214651.0
evanston,42.0411,-87.6901,85.1,52.0,1.0,5.01,US,1659214651.0
flinders,-34.5833,150.8552,44.06,86.0,83.0,5.99,AU,1659214510.0
godalming,51.1846,-0.6173,72.84,73.0,100.0,10.36,GB,1659214652.0
kazerun,29.6195,51.6541,84.7,64.0,99.0,0.81,IR,1659214652.0
manokwari,-0.8667,134.0833,79.09,71.0,100.0,7.96,ID,1659214652.0
pocatello,42.8713,-112.4455,102.18,19.0,4.0,5.99,US,1659214484.0
alofi,-19.0595,-169.9187,76.89,83.0,75.0,11.5,NU,1659214653.0
port hedland,-20.3167,118.5667,60.85,67.0,19.0,4.61,AU,1659214490.0
tazovskiy,67.4667,78.7,43.43,80.0,1.0,13.71,RU,1659214653.0
longyearbyen,78.2186,15.6401,51.64,76.0,75.0,8.05,SJ,1659214653.0
port augusta,-32.5,137.7667,57.63,33.0,100.0,18.16,AU,1659214457.0
berthierville,46.0834,-73.1824,73.98,70.0,93.0,1.01,CA,1659214653.0
stepnyak,52.8339,70.7803,61.36,80.0,74.0,6.93,KZ,1659214654.0
altamont,42.2068,-121.7372,100.89,13.0,19.0,4.0,US,1659214526.0
maun,-19.9833,23.4167,57.16,47.0,0.0,2.3,BW,1659214654.0
bandarbeyla,9.4942,50.8122,75.4,87.0,8.0,30.42,SO,1659214652.0
aksu,41.1231,80.2644,75.02,43.0,76.0,7.65,CN,1659214593.0
bambous virieux,-20.3428,57.7575,70.21,73.0,40.0,18.41,MU,1659214654.0
vigrestad,58.5667,5.7,61.59,81.0,100.0,11.74,NO,1659214655.0
caravelas,-17.7125,-39.2481,73.08,88.0,0.0,4.09,BR,1659214485.0
prince rupert,54.3161,-130.3201,68.09,85.0,75.0,11.5,CA,1659214465.0
luganville,-15.5333,167.1667,76.87,83.0,100.0,1.39,VU,1659214655.0
auriflama,-20.6856,-50.5547,71.53,30.0,5.0,4.88,BR,1659214655.0
noumea,-22.2763,166.4572,70.0,99.0,100.0,15.32,NC,1659214607.0
lewisporte,49.2499,-55.0482,74.91,64.0,100.0,4.03,CA,1659214655.0
chapais,49.7834,-74.8492,69.58,76.0,98.0,7.43,CA,1659214656.0
valparaiso,-33.0393,-71.6273,56.84,88.0,75.0,10.36,CL,1659214392.0
grindavik,63.8424,-22.4338,51.75,81.0,75.0,14.97,IS,1659214543.0
carnarvon,-24.8667,113.6333,59.97,58.0,80.0,13.18,AU,1659214656.0
aquiraz,-3.9014,-38.3911,79.18,82.0,49.0,8.57,BR,1659214656.0
cockburn town,21.4612,-71.1419,87.76,62.0,40.0,17.27,TC,1659214656.0
deer lake,49.1667,-57.4316,75.06,57.0,75.0,16.11,CA,1659214657.0
camacari,-12.6975,-38.3242,78.57,90.0,1.0,6.29,BR,1659214657.0
shahr-e babak,30.1165,55.1186,70.95,67.0,100.0,7.43,IR,1659214657.0
sibolga,1.7427,98.7792,76.41,84.0,99.0,2.64,ID,1659214657.0
necochea,-38.5473,-58.7368,51.57,73.0,100.0,7.92,AR,1659214658.0
hongjiang,27.11,109.9956,75.31,72.0,74.0,1.63,CN,1659214658.0
paita,-5.0892,-81.1144,67.15,78.0,15.0,18.86,PE,1659214658.0
sitka,57.0531,-135.33,61.09,96.0,100.0,2.04,US,1659214658.0
xiongzhou,25.1167,114.3,74.14,85.0,22.0,2.24,CN,1659214659.0
bilma,18.6853,12.9164,92.62,23.0,33.0,8.77,NE,1659214659.0
puerto baquerizo moreno,-0.9,-89.6,76.19,65.0,75.0,12.66,EC,1659214659.0
suchitoto,13.9381,-89.0278,89.73,55.0,80.0,2.59,SV,1659214659.0
poykovskiy,61.2333,73.3333,68.29,72.0,0.0,8.95,RU,1659214660.0
edenderry,53.3453,-7.0497,64.85,98.0,100.0,3.36,IE,1659214660.0
waingapu,-9.6567,120.2641,71.98,87.0,9.0,7.29,ID,1659214660.0
tonj,7.2737,28.6822,70.75,89.0,100.0,4.32,SS,1659214660.0
aguimes,27.9054,-15.4461,72.23,73.0,20.0,27.63,ES,1659214661.0
gabu,12.2833,-14.2167,73.56,96.0,95.0,4.59,GW,1659214661.0
vanimo,-2.6741,141.3028,75.88,91.0,28.0,5.28,PG,1659214661.0
san cristobal,7.7669,-72.225,82.58,52.0,69.0,6.38,VE,1659214661.0
ritchie,-29.038,24.6028,42.01,55.0,5.0,10.04,ZA,1659214662.0
zhanaozen,43.3,52.8,82.15,48.0,0.0,12.3,KZ,1659214662.0
karratha,-20.7377,116.8463,69.76,56.0,38.0,3.71,AU,1659214662.0
berlin,52.5244,13.4105,72.95,59.0,0.0,4.61,DE,1659214495.0
wanning,18.8003,110.3967,80.11,87.0,23.0,6.35,CN,1659214662.0
tilichiki,60.4667,166.1,50.07,91.0,100.0,6.71,RU,1659214663.0
kushima,31.4583,131.2333,78.87,94.0,99.0,8.48,JP,1659214663.0
ulety,51.3572,112.4849,53.47,88.0,34.0,3.31,RU,1659214663.0
pozo colorado,-23.4923,-58.7972,71.4,21.0,3.0,4.07,PY,1659214663.0
ilulissat,69.2167,-51.1,42.33,96.0,100.0,6.76,GL,1659214664.0
luena,-11.7833,19.9167,58.59,29.0,0.0,1.92,AO,1659214664.0
abu samrah,35.3029,37.1841,82.53,36.0,0.0,7.67,SY,1659214664.0
wanxian,30.8039,108.3897,78.1,84.0,0.0,2.55,CN,1659214664.0
yerkoy,39.6381,34.4672,70.05,46.0,0.0,2.66,TR,1659214665.0
ilhabela,-23.7781,-45.3581,62.69,74.0,27.0,6.4,BR,1659214418.0
suixi,33.8907,116.7747,74.73,97.0,7.0,4.27,CN,1659214665.0
yoichi,43.2039,140.7703,74.41,84.0,24.0,9.17,JP,1659214665.0
itarema,-2.9248,-39.9167,79.11,78.0,95.0,14.43,BR,1659214665.0
taseyevo,57.2169,94.8978,61.83,99.0,46.0,6.26,RU,1659214666.0
kondinskoye,59.6481,67.41,60.84,85.0,6.0,7.36,RU,1659214666.0
sioux lookout,50.1001,-91.917,82.47,47.0,75.0,11.5,CA,1659214666.0
zhigansk,66.7697,123.3711,63.48,85.0,92.0,11.45,RU,1659214512.0
poco das trincheiras,-9.3125,-37.2856,71.76,93.0,21.0,6.93,BR,1659214666.0
ninghai,29.2892,121.4247,77.47,92.0,5.0,2.64,CN,1659214667.0
tateyama,34.9833,139.8667,80.1,86.0,58.0,12.86,JP,1659214667.0
alice springs,-23.7,133.8833,45.95,46.0,100.0,0.0,AU,1659214667.0
vila velha,-20.3297,-40.2925,71.55,68.0,75.0,12.66,BR,1659214667.0
tiksi,71.6872,128.8694,47.95,79.0,38.0,2.66,RU,1659214668.0
oranjemund,-28.55,16.4333,52.54,83.0,6.0,13.24,,1659214501.0
sorong,-0.8833,131.25,77.41,89.0,94.0,7.34,ID,1659214668.0
husavik,66.0449,-17.3389,41.95,96.0,100.0,18.14,IS,1659214668.0
namibe,-15.1961,12.1522,61.93,87.0,94.0,3.29,AO,1659214668.0
ndele,8.4109,20.6473,69.84,98.0,48.0,3.31,CF,1659214669.0
orlik,52.5178,99.825,51.76,83.0,100.0,3.6,RU,1659214669.0
yar-sale,66.8333,70.8333,47.57,68.0,2.0,11.45,RU,1659214669.0
changli,39.7042,119.1506,72.86,92.0,0.0,2.66,CN,1659214669.0
gornoye loo,43.7129,39.6049,73.18,89.0,37.0,4.76,RU,1659214670.0
kysyl-syr,63.8986,122.7617,64.65,91.0,42.0,3.27,RU,1659214670.0
kamogawa,35.1,140.1,80.13,87.0,87.0,10.87,JP,1659214670.0
presidencia roque saenz pena,-26.7852,-60.4388,68.4,27.0,5.0,6.6,AR,1659214670.0
nador,35.174,-2.9287,80.85,89.0,100.0,3.44,MA,1659214671.0
shirokiy,49.758,129.523,67.26,93.0,1.0,2.68,RU,1659214671.0
riyadh,24.6877,46.7219,96.94,42.0,100.0,11.36,SA,1659214482.0
newport,51.5877,-2.9984,66.81,90.0,100.0,12.24,GB,1659214213.0
mbaiki,3.8678,17.9892,72.93,79.0,91.0,2.28,CF,1659214671.0
jutai,-5.1833,-68.9,82.87,66.0,99.0,1.03,BR,1659214574.0
saint-joseph,-21.3667,55.6167,65.21,79.0,48.0,12.28,RE,1659214112.0
wajir,1.7471,40.0573,80.74,47.0,85.0,21.92,KE,1659214671.0
diffa,13.3154,12.6113,76.23,68.0,100.0,6.15,NE,1659214672.0
ust-nera,64.5667,143.2,64.49,59.0,98.0,2.37,RU,1659214672.0
aklavik,68.2191,-135.0107,48.2,81.0,100.0,6.91,CA,1659214672.0
juba,4.8517,31.5825,69.33,96.0,99.0,3.83,SS,1659214672.0
sumenep,-7.0167,113.8667,76.84,84.0,50.0,8.37,ID,1659214672.0
yumen,40.2833,97.2,78.03,24.0,100.0,5.55,CN,1659214673.0
xining,36.6167,101.7667,54.03,87.0,29.0,2.89,CN,1659214593.0
quatre cocos,-20.2078,57.7625,70.09,68.0,62.0,20.15,MU,1659214422.0
san jeronimo,-11.9472,-75.2829,64.98,26.0,6.0,1.79,PE,1659214673.0
poya,-21.35,165.15,67.59,83.0,100.0,12.44,NC,1659214673.0
latung,5.5,120.8833,83.26,71.0,100.0,4.68,PH,1659214674.0
rio cuarto,-33.1307,-64.3499,70.66,24.0,0.0,16.11,AR,1659214674.0
vangaindrano,-23.35,47.6,64.53,94.0,19.0,4.09,MG,1659214674.0
meadow lake,34.8014,-106.5436,89.62,41.0,42.0,8.23,US,1659214674.0
freeport,40.6576,-73.5832,91.0,39.0,62.0,3.0,US,1659214645.0
uchiza,-8.4592,-76.4633,86.41,47.0,26.0,0.96,PE,1659214675.0
gat,31.61,34.7642,80.4,100.0,49.0,3.47,IL,1659214675.0
evinayong,1.4368,10.5512,67.23,97.0,75.0,2.75,GQ,1659214675.0
jumla,29.2747,82.1838,62.71,95.0,100.0,0.94,NP,1659214675.0
killybegs,54.6333,-8.45,58.41,85.0,100.0,5.3,IE,1659214676.0
muros,42.7762,-9.0603,76.15,64.0,0.0,14.32,ES,1659214378.0
doctor arroyo,23.6667,-100.1833,79.84,29.0,90.0,7.99,MX,1659214676.0
vejalpur,22.6833,73.5667,79.36,82.0,92.0,8.55,IN,1659214676.0
urumqi,43.801,87.6005,77.95,39.0,0.0,4.47,CN,1659214677.0
bairiki,1.3292,172.9752,82.4,69.0,40.0,11.5,KI,1659214677.0
caico,-6.4583,-37.0978,78.08,69.0,98.0,18.92,BR,1659214677.0
barcelona,41.3888,2.159,81.32,70.0,0.0,2.3,ES,1659214572.0
termiz,37.2242,67.2783,87.58,23.0,0.0,13.67,UZ,1659214677.0
bonavista,48.6499,-53.1147,62.69,97.0,100.0,12.46,CA,1659214678.0
kita,13.0349,-9.4895,74.19,91.0,69.0,2.3,ML,1659214678.0
flic en flac,-20.2742,57.3631,70.52,68.0,38.0,19.73,MU,1659214678.0
reinosa,42.9996,-4.138,60.46,97.0,17.0,5.55,ES,1659214678.0
okhotsk,59.3833,143.3,58.68,89.0,99.0,12.95,RU,1659214586.0
sao filipe,14.8961,-24.4956,77.72,79.0,89.0,9.82,CV,1659214679.0
luanda,-8.8368,13.2343,69.8,88.0,20.0,6.91,AO,1659214629.0
carman,49.4992,-98.0016,85.89,58.0,28.0,6.91,CA,1659214679.0
puerto colombia,10.9878,-74.9547,89.69,76.0,18.0,20.74,CO,1659214679.0
jinka,5.65,36.65,64.67,70.0,77.0,1.16,ET,1659214679.0
orocue,4.7912,-71.3354,83.91,71.0,76.0,3.74,CO,1659214680.0
akyab,20.15,92.9,83.01,78.0,100.0,7.07,MM,1659214680.0
halol,22.5,73.4667,79.5,83.0,95.0,7.72,IN,1659214680.0
buraydah,26.326,43.975,93.65,32.0,100.0,9.04,SA,1659214680.0
nuuk,64.1835,-51.7216,49.87,71.0,99.0,17.0,GL,1659214651.0
murgab,37.4966,61.9714,84.07,45.0,100.0,4.61,TM,1659214681.0
raudeberg,61.9875,5.1352,57.96,80.0,100.0,26.55,NO,1659214681.0
abu zabad,12.35,29.25,79.03,70.0,39.0,8.43,SD,1659214681.0
muravlenko,63.7898,74.523,56.05,62.0,72.0,16.6,RU,1659214681.0
ankang,32.68,109.0172,74.89,77.0,57.0,2.53,CN,1659214682.0
knysna,-34.0363,23.0471,51.28,86.0,21.0,9.6,ZA,1659214682.0
olkhovka,53.2115,60.6069,58.28,85.0,55.0,7.11,RU,1659214682.0
lorentzweiler,49.6947,6.1425,73.15,58.0,95.0,1.01,LU,1659214682.0
buinsk,54.95,48.2833,62.89,94.0,54.0,5.23,RU,1659214683.0
nelson bay,-32.7167,152.15,48.0,97.0,95.0,5.01,AU,1659214683.0
markova,48.6758,24.4138,64.62,84.0,100.0,5.03,UA,1659214683.0
porto novo,6.4965,2.6036,76.82,81.0,62.0,8.41,BJ,1659214684.0
balaghat,21.8,80.1833,77.36,89.0,89.0,0.74,IN,1659214684.0
cuamba,-14.8031,36.5372,64.33,49.0,7.0,3.51,MZ,1659214684.0
sunyani,7.3399,-2.3268,74.46,77.0,95.0,6.31,GH,1659214684.0
ust-kan,50.9276,84.761,52.39,92.0,3.0,6.35,RU,1659214685.0
lakewood,39.7047,-105.0814,92.73,19.0,2.0,7.0,US,1659214685.0
najran,17.4924,44.1277,88.45,32.0,99.0,1.5,SA,1659214585.0
kindu,-2.95,25.95,72.1,83.0,65.0,2.75,CD,1659214685.0
trapani,37.8333,12.6667,84.27,67.0,0.0,5.08,IT,1659214685.0
itupiranga,-5.1347,-49.3267,86.32,54.0,85.0,2.48,BR,1659214449.0
agropoli,40.3469,14.9966,76.93,90.0,16.0,0.98,IT,1659214686.0
bereda,43.2686,-7.5406,64.58,96.0,37.0,8.25,ES,1659214686.0
souillac,-20.5167,57.5167,70.18,73.0,40.0,18.41,MU,1659214686.0
anadyr,64.75,177.4833,55.9,58.0,0.0,0.0,RU,1659214687.0
aksaray,38.3726,34.0254,74.28,27.0,0.0,8.97,TR,1659214687.0
sale,34.0389,-6.8166,74.08,73.0,20.0,0.0,MA,1659214687.0
zachary,30.6485,-91.1565,76.87,88.0,100.0,3.44,US,1659214539.0
hervey bay,-25.2986,152.8535,64.26,61.0,89.0,15.95,AU,1659214688.0
margate,51.3813,1.3862,69.87,76.0,100.0,3.0,GB,1659214466.0
taganak,6.0833,118.3,77.14,80.0,100.0,6.4,PH,1659214688.0
urozhaynoye,44.7883,44.9228,79.93,39.0,0.0,7.65,RU,1659214688.0
laranjeiras do sul,-25.4078,-52.4161,52.38,62.0,10.0,2.15,BR,1659214689.0
verkhnyaya inta,65.9811,60.3094,55.24,90.0,62.0,8.21,RU,1659214689.0
ailigandi,9.2333,-78.0167,84.29,78.0,100.0,6.67,PA,1659214689.0
salta,-24.7859,-65.4117,70.39,45.0,0.0,10.36,AR,1659214689.0
japura,-0.3167,102.35,74.35,95.0,97.0,2.53,ID,1659214690.0
kayerkan,69.3497,87.7602,48.52,81.0,92.0,16.69,RU,1659214690.0
aranos,-24.1333,19.1167,51.15,32.0,36.0,10.36,,1659214690.0
kadoma,34.7333,135.5833,81.18,69.0,93.0,2.3,JP,1659214691.0
sur,22.5667,59.5289,85.06,67.0,55.0,10.22,OM,1659214691.0
zaozerne,45.1582,33.2787,76.51,52.0,0.0,7.18,UA,1659214691.0
zhaotong,27.3167,103.7167,60.91,93.0,100.0,3.51,CN,1659214692.0
saldanha,-33.0117,17.9442,46.45,79.0,18.0,9.51,ZA,1659214692.0
igrim,63.1906,64.4162,61.09,77.0,61.0,10.87,RU,1659214692.0
katsuura,35.1333,140.3,80.35,87.0,82.0,12.82,JP,1659214692.0
grand-santi,4.25,-54.3833,77.74,95.0,59.0,2.55,GF,1659214693.0
kovdor,67.5662,30.4758,46.8,99.0,100.0,3.09,RU,1659214693.0
datong,40.0936,113.2914,67.35,79.0,48.0,4.0,CN,1659214693.0
lebu,-37.6167,-73.65,51.35,82.0,98.0,9.4,CL,1659214503.0
fengzhen,40.4394,113.1536,65.39,81.0,10.0,5.32,CN,1659214694.0
morondava,-20.2833,44.2833,68.86,84.0,16.0,4.47,MG,1659214694.0
eureka,40.8021,-124.1637,73.2,74.0,63.0,4.0,US,1659214395.0
asosa,10.0667,34.5333,59.47,98.0,38.0,1.01,ET,1659214694.0
metro,-5.1131,105.3067,73.06,91.0,93.0,4.5,ID,1659214695.0
bathsheba,13.2167,-59.5167,86.61,88.0,40.0,19.57,BB,1659214695.0
phangnga,8.4509,98.5298,82.44,91.0,100.0,3.2,TH,1659214695.0
hommelvik,63.4108,10.7942,60.76,73.0,0.0,0.0,NO,1659214695.0
san juan,-31.5375,-68.5364,66.74,22.0,2.0,14.56,AR,1659214540.0
shebunino,46.4339,141.8603,68.02,90.0,85.0,9.55,RU,1659214696.0
pine bluff,34.2284,-92.0032,79.41,85.0,99.0,7.02,US,1659214696.0
curup,-3.4667,102.5333,68.43,96.0,100.0,0.43,ID,1659214696.0
andenes,69.3143,16.1194,58.93,76.0,0.0,1.14,NO,1659214697.0
byron bay,-28.65,153.6167,50.94,74.0,100.0,2.21,AU,1659214697.0
sibu,2.3,111.8167,73.71,94.0,40.0,3.44,MY,1659214697.0
vestmannaeyjar,63.4427,-20.2734,52.79,76.0,40.0,26.46,IS,1659214697.0
lumut,4.2323,100.6298,77.02,94.0,20.0,0.0,MY,1659214698.0
makurdi,7.7411,8.5121,72.28,97.0,100.0,5.26,NG,1659214698.0
mananara,-16.1667,49.7667,66.72,94.0,48.0,4.0,MG,1659214698.0
ostrovnoy,68.0531,39.5131,56.12,90.0,55.0,7.7,RU,1659214699.0
puerto escondido,15.85,-97.0667,85.26,74.0,86.0,8.61,MX,1659214699.0
slave lake,55.2834,-114.769,67.98,68.0,100.0,10.36,CA,1659214699.0
sayyan,15.1718,44.3244,64.45,61.0,94.0,4.76,YE,1659214699.0
atar,20.5169,-13.0499,88.79,46.0,98.0,11.12,MR,1659214700.0
acapulco,16.8634,-99.8901,85.3,69.0,98.0,6.49,MX,1659214565.0
plouzane,48.3833,-4.6167,64.72,91.0,100.0,8.05,FR,1659214700.0
waddan,29.1614,16.139,85.19,41.0,0.0,19.48,LY,1659214700.0
sao tome,0.3365,6.7273,75.0,77.0,63.0,9.22,ST,1659214700.0
domoni,-12.2569,44.5319,75.27,80.0,17.0,4.9,KM,1659214701.0
hovd,48.0056,91.6419,66.52,38.0,74.0,6.44,MN,1659214702.0
yerofey pavlovich,53.9667,121.9667,59.92,97.0,100.0,2.73,RU,1659214702.0
pacific grove,36.6177,-121.9166,76.21,83.0,61.0,7.0,US,1659214702.0
mlandizi,-6.7,38.7333,71.38,83.0,87.0,0.67,TZ,1659214703.0
centralia,46.7162,-122.9543,95.95,42.0,0.0,5.75,US,1659214703.0
codrington,-38.2667,141.9667,52.72,53.0,100.0,21.79,AU,1659214703.0
aquidauana,-20.4711,-55.7872,78.31,34.0,0.0,1.74,BR,1659214704.0
boa vista,2.8197,-60.6733,78.78,83.0,40.0,3.44,BR,1659214468.0
linxia,35.6003,103.2064,60.64,74.0,8.0,2.04,CN,1659214704.0
nizwa,22.9333,57.5333,83.71,66.0,94.0,3.31,OM,1659214696.0
ternate,0.8,127.4,78.66,82.0,100.0,3.58,ID,1659214704.0
lazaro cardenas,17.9583,-102.2,87.06,61.0,84.0,10.6,MX,1659214647.0
nosy varika,-20.5833,48.5333,65.3,91.0,16.0,4.47,MG,1659214704.0
penapolis,-21.4197,-50.0775,71.74,27.0,4.0,3.65,BR,1659214705.0
labytnangi,66.6572,66.4183,49.3,71.0,16.0,9.53,RU,1659214705.0
talhar,24.8833,68.8167,81.37,79.0,70.0,16.69,PK,1659214705.0
alihe,50.5667,123.7167,62.8,99.0,100.0,1.79,CN,1659214705.0
poum,-20.2333,164.0167,71.67,76.0,96.0,30.22,NC,1659214579.0
dryden,49.7833,-92.7503,82.69,42.0,0.0,17.27,CA,1659214706.0
dabakala,8.3667,-4.4333,74.93,80.0,90.0,3.36,CI,1659214706.0
chicama,-7.8447,-79.1469,63.14,67.0,29.0,10.07,PE,1659214706.0
nushki,29.5542,66.0215,85.87,49.0,100.0,8.93,PK,1659214706.0
omboue,-1.5746,9.2618,72.52,84.0,88.0,4.83,GA,1659214707.0
conde,-7.2597,-34.9075,74.66,94.0,75.0,10.36,BR,1659214707.0
balkanabat,39.5108,54.3671,84.52,50.0,0.0,7.31,TM,1659214707.0
mizque,-17.941,-65.3402,75.74,34.0,5.0,8.28,BO,1659214707.0
winchester,51.0651,-1.3187,70.63,71.0,20.0,8.05,GB,1659214190.0
opuwo,-18.0607,13.84,58.41,39.0,2.0,6.02,,1659214708.0
porto-vecchio,41.591,9.2795,80.13,69.0,0.0,2.3,FR,1659214708.0
kemijarvi,66.7131,27.4306,47.23,95.0,100.0,5.95,FI,1659214708.0
vuktyl,63.8567,57.3094,64.04,93.0,87.0,4.59,RU,1659214709.0
fort smith,35.3859,-94.3986,80.64,80.0,100.0,12.66,US,1659214502.0
hurghada,27.2574,33.8129,93.24,21.0,0.0,13.8,EG,1659214709.0
faya,18.3851,42.4509,69.91,54.0,42.0,2.71,SA,1659214709.0
constitucion,-35.3333,-72.4167,54.43,74.0,100.0,3.94,CL,1659214709.0
kaeo,-35.1,173.7833,52.32,95.0,15.0,11.36,NZ,1659214710.0
vardo,70.3705,31.1107,49.98,100.0,100.0,16.11,NO,1659214710.0
havre-saint-pierre,50.2334,-63.5986,62.96,82.0,40.0,13.8,CA,1659214509.0
chitungwiza,-18.0127,31.0756,52.45,34.0,1.0,3.96,ZW,1659214710.0
dingle,10.9995,122.6711,75.96,88.0,100.0,4.03,PH,1659214710.0
marawi,7.9986,124.2928,68.52,93.0,100.0,2.39,PH,1659214711.0
nara,34.6851,135.8049,80.49,65.0,76.0,2.39,JP,1659214479.0
igarka,67.4667,86.5833,45.27,79.0,0.0,20.6,RU,1659214711.0
coxim,-18.5067,-54.76,83.37,29.0,0.0,5.91,BR,1659214711.0
spas-demensk,54.4122,34.0226,54.48,80.0,25.0,2.86,RU,1659214711.0
inhambane,-23.865,35.3833,66.6,77.0,1.0,8.46,MZ,1659214712.0
lexington,37.9887,-84.4777,80.49,55.0,100.0,5.3,US,1659214574.0
denpasar,-8.65,115.2167,76.71,88.0,20.0,10.36,ID,1659214712.0
xichang,27.8964,102.2634,65.82,96.0,100.0,0.96,CN,1659214712.0
yarada,17.65,83.2667,84.52,89.0,40.0,3.44,IN,1659214712.0
russkiy,43.0147,131.8642,75.06,99.0,82.0,4.18,RU,1659214713.0
